﻿<?xml version="1.0" encoding="utf-8"?><DEFECTS><DEFECT>
    <SFA>
      <FILEPATH>d:\dokumenty\zcu\prvak2\os\odevzdání\msvc\dosemulator\dosemulator\</FILEPATH>
      <FILENAME>memory.c</FILENAME>
      <LINE>139</LINE>
      <COLUMN>9</COLUMN>
    </SFA>
    <DEFECTCODE>6340</DEFECTCODE>
    <DESCRIPTION>Neshoda ve znaménku: unsigned short se předává jako _Param_(2), ale při volání funkce printf se vyžaduje některý typ signed.</DESCRIPTION>
    <FUNCTION>exec_compare</FUNCTION>
    <DECORATED>exec_compare</DECORATED>
    <FUNCLINE>131</FUNCLINE>
    <PATH></PATH>
  </DEFECT><DEFECT>
    <SFA>
      <FILEPATH>d:\dokumenty\zcu\prvak2\os\odevzdání\msvc\dosemulator\dosemulator\</FILEPATH>
      <FILENAME>memory.c</FILENAME>
      <LINE>145</LINE>
      <COLUMN>9</COLUMN>
    </SFA>
    <DEFECTCODE>6340</DEFECTCODE>
    <DESCRIPTION>Neshoda ve znaménku: unsigned short se předává jako _Param_(2), ale při volání funkce printf se vyžaduje některý typ signed.</DESCRIPTION>
    <FUNCTION>exec_compare</FUNCTION>
    <DECORATED>exec_compare</DECORATED>
    <FUNCLINE>131</FUNCLINE>
    <PATH></PATH>
  </DEFECT></DEFECTS>